{
  "project_info": {
    "project_number": "759526363867",
    "project_id": "patuakhali-online-seba",
    "storage_bucket": "patuakhali-online-seba.appspot.com"
  },
  "client": [
    {
      "client_info": {
        "mobilesdk_app_id": "1:759526363867:android:0e049b176a2b149d37b2fe",
        "android_client_info": {
          "package_name": "com.tuhin.patuakhalionlineseba"
        }
      },
      "oauth_client": [
        {
          "client_id": "759526363867-asrok0dogv1nlh0sgqnnntfet6vs6rea.apps.googleusercontent.com",
          "client_type": 3
        }
      ],
      "api_key": [
        {
          "current_key": "AIzaSyC7cm6wPZDQWzixouP7dIwCcCg8aHZEMmg"
        }
      ],
      "services": {
        "appinvite_service": {
          "other_platform_oauth_client": [
            {
              "client_id": "759526363867-asrok0dogv1nlh0sgqnnntfet6vs6rea.apps.googleusercontent.com",
              "client_type": 3
            }
          ]
        }
      }
    }
  ],
  "configuration_version": "1"
}