{"v":"5.5.8","fr":60,"ip":0,"op":181,"w":300,"h":300,"nm":"â½ image_nav_item_7","ddd":0,"assets":[],"layers":[{"ddd":0,"ind":1,"ty":4,"nm":"voice_03","sr":1,"ks":{"o":{"a":0,"k":100,"ix":11},"r":{"a":0,"k":0,"ix":10},"p":{"a":0,"k":[154.115,163.788,0],"ix":2},"a":{"a":0,"k":[0,0,0],"ix":1},"s":{"a":0,"k":[100,100,100],"ix":6}},"ao":0,"shapes":[{"ty":"gr","it":[{"ind":0,"ty":"sh","ix":1,"ks":{"a":0,"k":{"i":[[0,5.47],[0.78,0],[0,-0.77],[4.37,-0.03],[0.02,0],[0.02,0],[0,4.38],[0.78,0],[0,-0.77],[-5.28,-0.69],[0,0],[0,0],[0,-0.77],[-0.78,0],[0,0],[0,0.78],[0.78,0],[0,0],[0,0]],"o":[[0,-0.77],[-0.78,0],[0,4.38],[-0.01,0],[-0.02,0],[-4.37,-0.03],[0,-0.77],[-0.77,0],[0,5.47],[0,0],[0,0],[-0.78,0],[0,0.78],[0,0],[0.78,0],[0,-0.77],[0,0],[0,0],[5.27,-0.69]],"v":[[10.768,-7.494],[9.368,-8.894],[7.968,-7.494],[0.048,0.476],[-0.002,0.466],[-0.052,0.476],[-7.962,-7.494],[-9.372,-8.894],[-10.772,-7.494],[-1.402,3.186],[-1.402,6.086],[-4.492,6.086],[-5.892,7.486],[-4.492,8.896],[4.488,8.896],[5.898,7.486],[4.488,6.086],[1.408,6.086],[1.408,3.186]],"c":true},"ix":2},"nm":"Path 1","mn":"ADBE Vector Shape - Group","hd":false},{"ty":"fl","c":{"a":0,"k":[1,1,1,1],"ix":4},"o":{"a":0,"k":100,"ix":5},"r":1,"bm":0,"nm":"Fill 1","mn":"ADBE Vector Graphic - Fill","hd":false},{"ty":"tr","p":{"a":0,"k":[0,0],"ix":2},"a":{"a":0,"k":[0,0],"ix":1},"s":{"a":0,"k":[200,200],"ix":3},"r":{"a":0,"k":0,"ix":6},"o":{"a":0,"k":100,"ix":7},"sk":{"a":0,"k":0,"ix":4},"sa":{"a":0,"k":0,"ix":5},"nm":"Transform"}],"nm":"voice_03","np":2,"cix":2,"bm":0,"ix":1,"mn":"ADBE Vector Group","hd":false}],"ip":0,"op":181,"st":0,"bm":0},{"ddd":0,"ind":2,"ty":4,"nm":"voice_02","sr":1,"ks":{"o":{"a":0,"k":100,"ix":11},"r":{"a":0,"k":0,"ix":10},"p":{"a":0,"k":[154.115,139.456,0],"ix":2},"a":{"a":0,"k":[0,0,0],"ix":1},"s":{"a":0,"k":[100,100,100],"ix":6}},"ao":0,"shapes":[{"ty":"gr","it":[{"ind":0,"ty":"sh","ix":1,"ks":{"a":0,"k":{"i":[[-3.36,0],[0,3.36],[0,0],[3.35,0],[0,-3.35],[0,0]],"o":[[3.36,0],[0,0],[0,-3.35],[-3.35,0],[0,0],[0,3.36]],"v":[[-0.002,9.832],[6.088,3.732],[6.068,-3.758],[-0.002,-9.828],[-6.072,-3.758],[-6.092,3.732]],"c":true},"ix":2},"nm":"Path 1","mn":"ADBE Vector Shape - Group","hd":false},{"ind":1,"ty":"sh","ix":2,"ks":{"a":0,"k":{"i":[[0,0],[-1.8,0],[0,-1.81],[0,0],[1.81,0],[0,1.81]],"o":[[0,-1.8],[1.8,0],[0,0],[0,1.81],[-1.81,0],[0,0]],"v":[[-3.264,-3.76],[-0.004,-7.02],[3.266,-3.75],[3.286,3.74],[-0.004,7.02],[-3.284,3.74]],"c":true},"ix":2},"nm":"Path 2","mn":"ADBE Vector Shape - Group","hd":false},{"ty":"mm","mm":1,"nm":"Merge Paths 1","mn":"ADBE Vector Filter - Merge","hd":false},{"ty":"fl","c":{"a":0,"k":[1,1,1,1],"ix":4},"o":{"a":0,"k":100,"ix":5},"r":1,"bm":0,"nm":"Fill 1","mn":"ADBE Vector Graphic - Fill","hd":false},{"ty":"tr","p":{"a":0,"k":[0,0],"ix":2},"a":{"a":0,"k":[0,0],"ix":1},"s":{"a":0,"k":[200,200],"ix":3},"r":{"a":0,"k":0,"ix":6},"o":{"a":0,"k":100,"ix":7},"sk":{"a":0,"k":0,"ix":4},"sa":{"a":0,"k":0,"ix":5},"nm":"Transform"}],"nm":"voice_02","np":4,"cix":2,"bm":0,"ix":1,"mn":"ADBE Vector Group","hd":false}],"ip":0,"op":181,"st":0,"bm":0},{"ddd":0,"ind":3,"ty":4,"nm":"voice_01 copy 2","sr":1,"ks":{"o":{"a":0,"k":100,"ix":11},"r":{"a":0,"k":0,"ix":10},"p":{"a":0,"k":[154,151,0],"ix":2},"a":{"a":0,"k":[0,0,0],"ix":1},"s":{"a":0,"k":[100,100,100],"ix":6}},"ao":0,"shapes":[{"ty":"gr","it":[{"d":1,"ty":"el","s":{"a":0,"k":[70,70],"ix":2},"p":{"a":0,"k":[0,0],"ix":3},"nm":"Ellipse Path 1","mn":"ADBE Vector Shape - Ellipse","hd":false},{"ty":"gf","o":{"a":0,"k":100,"ix":10},"r":1,"bm":0,"g":{"p":3,"k":{"a":0,"k":[0,1,0.625,0,0.5,1,0.513,0,1,1,0.4,0],"ix":9}},"s":{"a":0,"k":[0,-35],"ix":5},"e":{"a":0,"k":[0,35],"ix":6},"t":1,"nm":"Gradient Fill 1","mn":"ADBE Vector Graphic - G-Fill","hd":false},{"ty":"tr","p":{"a":0,"k":[0,0],"ix":2},"a":{"a":0,"k":[0,0],"ix":1},"s":{"a":0,"k":[200,200],"ix":3},"r":{"a":0,"k":0,"ix":6},"o":{"a":0,"k":100,"ix":7},"sk":{"a":0,"k":0,"ix":4},"sa":{"a":0,"k":0,"ix":5},"nm":"Transform"}],"nm":"voice_01 copy 2","np":2,"cix":2,"bm":0,"ix":1,"mn":"ADBE Vector Group","hd":false}],"ip":0,"op":181,"st":0,"bm":0},{"ddd":0,"ind":4,"ty":4,"nm":"voice_01 copy 4","sr":1,"ks":{"o":{"a":0,"k":100,"ix":11},"r":{"a":0,"k":0,"ix":10},"p":{"a":0,"k":[159,148,0],"ix":2},"a":{"a":0,"k":[0,0,0],"ix":1},"s":{"a":0,"k":[99,99,100],"ix":6}},"ao":0,"shapes":[{"ty":"gr","it":[{"ind":0,"ty":"sh","ix":1,"ks":{"a":1,"k":[{"i":{"x":0.667,"y":1},"o":{"x":0.333,"y":0},"t":3,"s":[{"i":[[-24.5,0],[0,24.43],[24.5,0],[0,-24.43]],"o":[[24.5,0],[0,-24.43],[-24.5,0],[0,24.43]],"v":[[-1.72,43.5],[43.5,-5.25],[-1.72,-43.5],[-43.5,-5.25]],"c":true}]},{"i":{"x":0.667,"y":1},"o":{"x":0.333,"y":0},"t":27.379,"s":[{"i":[[-24.5,0],[0,24.43],[24.5,0],[0,-24.43]],"o":[[24.5,0],[0,-24.43],[-24.5,0],[0,24.43]],"v":[[-4.47,51.75],[38.25,-2],[-1.72,-43.5],[-51,-1.5]],"c":true}]},{"i":{"x":0.667,"y":1},"o":{"x":0.333,"y":0},"t":53.438,"s":[{"i":[[-24.5,0],[0,24.43],[24.5,0],[0,-24.43]],"o":[[24.5,0],[0,-24.43],[-24.5,0],[0,24.43]],"v":[[6.28,43.5],[46.25,-3.25],[-1.72,-49.75],[-44.25,2]],"c":true}]},{"i":{"x":0.667,"y":1},"o":{"x":0.333,"y":0},"t":76.135,"s":[{"i":[[-24.5,0],[0,24.43],[24.5,0],[0,-24.43]],"o":[[24.5,0],[0,-24.43],[-24.5,0],[0,24.43]],"v":[[-1.72,43.5],[43.5,-5.25],[-1.72,-43.5],[-43.5,-5.25]],"c":true}]},{"i":{"x":0.667,"y":1},"o":{"x":0.333,"y":0},"t":100.512,"s":[{"i":[[-24.5,0],[0,24.43],[24.5,0],[0,-24.43]],"o":[[24.5,0],[0,-24.43],[-24.5,0],[0,24.43]],"v":[[-4.47,51.75],[38.25,-2],[-1.72,-43.5],[-51,-1.5]],"c":true}]},{"i":{"x":0.667,"y":1},"o":{"x":0.333,"y":0},"t":126.572,"s":[{"i":[[-24.5,0],[0,24.43],[24.5,0],[0,-24.43]],"o":[[24.5,0],[0,-24.43],[-24.5,0],[0,24.43]],"v":[[6.28,43.5],[46.25,-3.25],[-1.72,-49.75],[-44.25,2]],"c":true}]},{"i":{"x":0.833,"y":1},"o":{"x":0.333,"y":0},"t":148.428,"s":[{"i":[[-24.5,0],[0,24.43],[24.5,0],[0,-24.43]],"o":[[24.5,0],[0,-24.43],[-24.5,0],[0,24.43]],"v":[[-1.72,43.5],[43.5,-5.25],[-1.72,-43.5],[-43.5,-5.25]],"c":true}]},{"t":180,"s":[{"i":[[-24.5,0],[0,24.43],[24.5,0],[0,-24.43]],"o":[[24.5,0],[0,-24.43],[-24.5,0],[0,24.43]],"v":[[-1.72,43.5],[43.5,-5.25],[-1.72,-43.5],[-43.5,-5.25]],"c":true}]}],"ix":2},"nm":"Path 1","mn":"ADBE Vector Shape - Group","hd":false},{"ty":"gf","o":{"a":0,"k":100,"ix":10},"r":1,"bm":0,"g":{"p":3,"k":{"a":0,"k":[0,1,0.839,0,0.5,1,0.725,0.176,1,1,0.611,0.351],"ix":9}},"s":{"a":0,"k":[0,-43.5],"ix":5},"e":{"a":0,"k":[0,43.5],"ix":6},"t":1,"nm":"Gradient Fill 1","mn":"ADBE Vector Graphic - G-Fill","hd":false},{"ty":"tr","p":{"a":0,"k":[0,0],"ix":2},"a":{"a":0,"k":[0,0],"ix":1},"s":{"a":0,"k":[200,200],"ix":3},"r":{"a":0,"k":0,"ix":6},"o":{"a":0,"k":100,"ix":7},"sk":{"a":0,"k":0,"ix":4},"sa":{"a":0,"k":0,"ix":5},"nm":"Transform"}],"nm":"voice_01 copy 3","np":2,"cix":2,"bm":0,"ix":1,"mn":"ADBE Vector Group","hd":false}],"ip":0,"op":181,"st":0,"bm":0},{"ddd":0,"ind":5,"ty":4,"nm":"voice_01 copy 3","sr":1,"ks":{"o":{"a":0,"k":57,"ix":11},"r":{"a":0,"k":0,"ix":10},"p":{"a":0,"k":[159,148,0],"ix":2},"a":{"a":0,"k":[0,0,0],"ix":1},"s":{"a":0,"k":[110,110,100],"ix":6}},"ao":0,"shapes":[{"ty":"gr","it":[{"ind":0,"ty":"sh","ix":1,"ks":{"a":1,"k":[{"i":{"x":0.667,"y":1},"o":{"x":0.333,"y":0},"t":3,"s":[{"i":[[-24.5,0],[0,24.43],[24.5,0],[0,-24.43]],"o":[[24.5,0],[0,-24.43],[-24.5,0],[0,24.43]],"v":[[-1.72,43.5],[43.5,-5.25],[-1.72,-43.5],[-43.5,-5.25]],"c":true}]},{"i":{"x":0.667,"y":1},"o":{"x":0.333,"y":0},"t":20.219,"s":[{"i":[[-24.5,0],[0,24.43],[24.5,0],[0,-24.43]],"o":[[24.5,0],[0,-24.43],[-24.5,0],[0,24.43]],"v":[[-4.47,51.75],[38.25,-2],[-1.72,-43.5],[-51,-1.5]],"c":true}]},{"i":{"x":0.667,"y":1},"o":{"x":0.333,"y":0},"t":38.625,"s":[{"i":[[-24.5,0],[0,24.43],[24.5,0],[0,-24.43]],"o":[[24.5,0],[0,-24.43],[-24.5,0],[0,24.43]],"v":[[6.28,43.5],[46.25,-3.25],[-1.72,-49.75],[-44.25,2]],"c":true}]},{"i":{"x":0.667,"y":1},"o":{"x":0.333,"y":0},"t":54.656,"s":[{"i":[[-24.5,0],[0,24.43],[24.5,0],[0,-24.43]],"o":[[24.5,0],[0,-24.43],[-24.5,0],[0,24.43]],"v":[[-1.72,43.5],[43.5,-5.25],[-1.72,-43.5],[-43.5,-5.25]],"c":true}]},{"i":{"x":0.667,"y":1},"o":{"x":0.333,"y":0},"t":71.875,"s":[{"i":[[-24.5,0],[0,24.43],[24.5,0],[0,-24.43]],"o":[[24.5,0],[0,-24.43],[-24.5,0],[0,24.43]],"v":[[-4.47,51.75],[38.25,-2],[-1.72,-43.5],[-51,-1.5]],"c":true}]},{"i":{"x":0.667,"y":1},"o":{"x":0.333,"y":0},"t":90.281,"s":[{"i":[[-24.5,0],[0,24.43],[24.5,0],[0,-24.43]],"o":[[24.5,0],[0,-24.43],[-24.5,0],[0,24.43]],"v":[[6.28,43.5],[46.25,-3.25],[-1.72,-49.75],[-44.25,2]],"c":true}]},{"i":{"x":0.667,"y":1},"o":{"x":0.333,"y":0},"t":105.719,"s":[{"i":[[-24.5,0],[0,24.43],[24.5,0],[0,-24.43]],"o":[[24.5,0],[0,-24.43],[-24.5,0],[0,24.43]],"v":[[-1.72,43.5],[43.5,-5.25],[-1.72,-43.5],[-43.5,-5.25]],"c":true}]},{"i":{"x":0.667,"y":1},"o":{"x":0.333,"y":0},"t":122.938,"s":[{"i":[[-24.5,0],[0,24.43],[24.5,0],[0,-24.43]],"o":[[24.5,0],[0,-24.43],[-24.5,0],[0,24.43]],"v":[[-4.47,51.75],[38.25,-2],[-1.72,-43.5],[-51,-1.5]],"c":true}]},{"i":{"x":0.667,"y":1},"o":{"x":0.333,"y":0},"t":141.344,"s":[{"i":[[-24.5,0],[0,24.43],[24.5,0],[0,-24.43]],"o":[[24.5,0],[0,-24.43],[-24.5,0],[0,24.43]],"v":[[6.28,43.5],[46.25,-3.25],[-1.72,-49.75],[-44.25,2]],"c":true}]},{"i":{"x":0.833,"y":1},"o":{"x":0.333,"y":0},"t":157.375,"s":[{"i":[[-24.5,0],[0,24.43],[24.5,0],[0,-24.43]],"o":[[24.5,0],[0,-24.43],[-24.5,0],[0,24.43]],"v":[[-1.72,43.5],[43.5,-5.25],[-1.72,-43.5],[-43.5,-5.25]],"c":true}]},{"t":180,"s":[{"i":[[-24.5,0],[0,24.43],[24.5,0],[0,-24.43]],"o":[[24.5,0],[0,-24.43],[-24.5,0],[0,24.43]],"v":[[-1.72,43.5],[43.5,-5.25],[-1.72,-43.5],[-43.5,-5.25]],"c":true}]}],"ix":2},"nm":"Path 1","mn":"ADBE Vector Shape - Group","hd":false},{"ty":"gf","o":{"a":0,"k":100,"ix":10},"r":1,"bm":0,"g":{"p":3,"k":{"a":0,"k":[0,1,0.839,0,0.5,1,0.725,0.176,1,1,0.611,0.351],"ix":9}},"s":{"a":0,"k":[0,-43.5],"ix":5},"e":{"a":0,"k":[0,43.5],"ix":6},"t":1,"nm":"Gradient Fill 1","mn":"ADBE Vector Graphic - G-Fill","hd":false},{"ty":"tr","p":{"a":0,"k":[0,0],"ix":2},"a":{"a":0,"k":[0,0],"ix":1},"s":{"a":0,"k":[200,200],"ix":3},"r":{"a":0,"k":0,"ix":6},"o":{"a":0,"k":100,"ix":7},"sk":{"a":0,"k":0,"ix":4},"sa":{"a":0,"k":0,"ix":5},"nm":"Transform"}],"nm":"voice_01 copy 3","np":2,"cix":2,"bm":0,"ix":1,"mn":"ADBE Vector Group","hd":false}],"ip":0,"op":181,"st":0,"bm":0},{"ddd":0,"ind":6,"ty":4,"nm":"voice_01","sr":1,"ks":{"o":{"a":0,"k":90,"ix":11},"r":{"a":0,"k":0,"ix":10},"p":{"a":0,"k":[150,150,0],"ix":2},"a":{"a":0,"k":[0,0,0],"ix":1},"s":{"a":0,"k":[103.684,110,100],"ix":6}},"ao":0,"shapes":[{"ty":"gr","it":[{"ind":0,"ty":"sh","ix":1,"ks":{"a":1,"k":[{"i":{"x":0.667,"y":1},"o":{"x":0.333,"y":0},"t":2,"s":[{"i":[[-28.31,0],[0,28.52],[28.31,0],[0,-28.52]],"o":[[28.32,0],[0,-28.52],[-28.32,0],[0,28.52]],"v":[[1.7,50.5],[49,-3.23],[-2.32,-50.5],[-49,1.71]],"c":true}]},{"i":{"x":0.667,"y":1},"o":{"x":0.333,"y":0},"t":17.137,"s":[{"i":[[-28.31,0],[0,28.026],[28.31,0],[0,-28.026]],"o":[[28.32,0],[0,-28.026],[-28.32,0],[0,28.026]],"v":[[5.7,55.5],[53,2.701],[1.68,-43.75],[-45,7.555]],"c":true}]},{"i":{"x":0.833,"y":1},"o":{"x":0.333,"y":0},"t":32.273,"s":[{"i":[[-27.01,0],[0,25.767],[27.01,0],[0,-25.767]],"o":[[27.02,0],[0,-25.767],[-27.02,0],[0,25.767]],"v":[[0.872,42.5],[46,-6.043],[-2.963,-48.75],[-47.5,-1.58]],"c":true}]},{"i":{"x":0.833,"y":0.802},"o":{"x":0.167,"y":0},"t":45.729,"s":[{"i":[[-27.01,0],[0,25.767],[27.01,0],[0,-25.767]],"o":[[27.02,0],[0,-25.767],[-27.02,0],[0,25.767]],"v":[[14.481,42],[46,-6.043],[3.441,-48.5],[-48.034,-5.33]],"c":true}]},{"i":{"x":0.667,"y":1},"o":{"x":0.167,"y":0.198},"t":70.305,"s":[{"i":[[-27.892,0],[0,27.3],[27.892,0],[0,-27.3]],"o":[[27.902,0],[0,-27.3],[-27.902,0],[0,27.3]],"v":[[-5.353,50.159],[51.016,-4.86],[-0.689,-40.527],[-51.846,-0.088]],"c":true}]},{"i":{"x":0.667,"y":1},"o":{"x":0.333,"y":0},"t":88.334,"s":[{"i":[[-28.31,0],[0,28.026],[28.31,0],[0,-28.026]],"o":[[28.32,0],[0,-28.026],[-28.32,0],[0,28.026]],"v":[[5.7,55.5],[53,2.701],[1.68,-43.75],[-45,7.555]],"c":true}]},{"i":{"x":0.833,"y":1},"o":{"x":0.333,"y":0},"t":103.471,"s":[{"i":[[-27.01,0],[0,25.767],[27.01,0],[0,-25.767]],"o":[[27.02,0],[0,-25.767],[-27.02,0],[0,25.767]],"v":[[0.872,42.5],[46,-6.043],[-2.963,-48.75],[-47.5,-1.58]],"c":true}]},{"i":{"x":0.667,"y":1},"o":{"x":0.167,"y":0},"t":116.926,"s":[{"i":[[-27.01,0],[0,25.767],[27.01,0],[0,-25.767]],"o":[[27.02,0],[0,-25.767],[-27.02,0],[0,25.767]],"v":[[14.481,42],[46,-6.043],[3.441,-48.5],[-48.034,-5.33]],"c":true}]},{"i":{"x":0.667,"y":1},"o":{"x":0.333,"y":0},"t":143.273,"s":[{"i":[[-28.31,0],[0,28.52],[28.31,0],[0,-28.52]],"o":[[28.32,0],[0,-28.52],[-28.32,0],[0,28.52]],"v":[[1.7,50.5],[49,-3.23],[-2.32,-50.5],[-49,1.71]],"c":true}]},{"i":{"x":0.833,"y":1},"o":{"x":0.333,"y":0},"t":158.41,"s":[{"i":[[-28.31,0],[0,28.026],[28.31,0],[0,-28.026]],"o":[[28.32,0],[0,-28.026],[-28.32,0],[0,28.026]],"v":[[5.7,55.5],[53,2.701],[1.68,-43.75],[-45,7.555]],"c":true}]},{"t":180,"s":[{"i":[[-28.31,0],[0,28.52],[28.31,0],[0,-28.52]],"o":[[28.32,0],[0,-28.52],[-28.32,0],[0,28.52]],"v":[[1.7,50.5],[49,-3.23],[-2.32,-50.5],[-49,1.71]],"c":true}]}],"ix":2},"nm":"Path 1","mn":"ADBE Vector Shape - Group","hd":false},{"ty":"gf","o":{"a":0,"k":100,"ix":10},"r":1,"bm":0,"g":{"p":3,"k":{"a":0,"k":[0,1,0.625,0,0.5,1,0.513,0,1,1,0.4,0],"ix":9}},"s":{"a":0,"k":[0,-50.5],"ix":5},"e":{"a":0,"k":[0,50.5],"ix":6},"t":1,"nm":"Gradient Fill 1","mn":"ADBE Vector Graphic - G-Fill","hd":false},{"ty":"tr","p":{"a":0,"k":[0,0],"ix":2},"a":{"a":0,"k":[0,0],"ix":1},"s":{"a":0,"k":[200,200],"ix":3},"r":{"a":0,"k":0,"ix":6},"o":{"a":0,"k":100,"ix":7},"sk":{"a":0,"k":0,"ix":4},"sa":{"a":0,"k":0,"ix":5},"nm":"Transform"}],"nm":"voice_01","np":2,"cix":2,"bm":0,"ix":1,"mn":"ADBE Vector Group","hd":false}],"ip":0,"op":181,"st":0,"bm":0}],"markers":[]}