{"v":"4.7.1","fr":60,"ip":0,"op":121,"w":160,"h":160,"nm":"H_Icon_01","ddd":0,"assets":[],"layers":[{"ddd":0,"ind":1,"ty":4,"nm":"Heart Outlines","ks":{"o":{"a":0,"k":100},"r":{"a":0,"k":0},"p":{"a":0,"k":[105.992,116.558,0]},"a":{"a":0,"k":[20.751,18.987,0]},"s":{"a":1,"k":[{"i":{"x":[0.25,0.25,0.25],"y":[1,1,1]},"o":{"x":[0.75,0.75,0.75],"y":[0,0,0]},"n":["0p25_1_0p75_0","0p25_1_0p75_0","0p25_1_0p75_0"],"t":0,"s":[100,100,100],"e":[110,110,100]},{"i":{"x":[0.25,0.25,0.25],"y":[1,1,1]},"o":{"x":[0.75,0.75,0.75],"y":[0,0,0]},"n":["0p25_1_0p75_0","0p25_1_0p75_0","0p25_1_0p75_0"],"t":30,"s":[110,110,100],"e":[100,100,100]},{"i":{"x":[0.25,0.25,0.25],"y":[1,1,1]},"o":{"x":[0.75,0.75,0.75],"y":[0,0,0]},"n":["0p25_1_0p75_0","0p25_1_0p75_0","0p25_1_0p75_0"],"t":60,"s":[100,100,100],"e":[110,110,100]},{"i":{"x":[0.25,0.25,0.25],"y":[1,1,1]},"o":{"x":[0.167,0.167,0.167],"y":[0,0,0]},"n":["0p25_1_0p167_0","0p25_1_0p167_0","0p25_1_0p167_0"],"t":90,"s":[110,110,100],"e":[100,100,100]},{"t":120}]}},"ao":0,"shapes":[{"ty":"gr","it":[{"ind":0,"ty":"sh","ix":1,"ks":{"a":0,"k":{"i":[[4.696,4.697],[0,0],[4.715,-3.612],[4.314,-4.314],[-4.697,-4.696],[0,0],[-0.001,-0.001],[0,0],[0,0],[-0.001,0.001],[0,0]],"o":[[0,0],[-4.314,-4.314],[-4.715,-3.612],[-4.697,4.697],[0,0],[0,0.001],[0,0],[0,0],[0.001,-0.001],[0,0],[4.696,-4.696]],"v":[[15.805,-14.076],[15.805,-14.076],[-0.001,-15.125],[-15.805,-14.076],[-15.805,2.932],[-8.506,10.231],[-8.504,10.234],[-0.001,18.737],[8.503,10.234],[8.505,10.231],[15.805,2.932]],"c":true}},"nm":"Path 1","mn":"ADBE Vector Shape - Group"},{"ty":"fl","c":{"a":0,"k":[1,1,1,1]},"o":{"a":0,"k":100},"r":1,"nm":"Fill 1","mn":"ADBE Vector Graphic - Fill"},{"ty":"tr","p":{"a":0,"k":[20.751,18.987],"ix":2},"a":{"a":0,"k":[0,0],"ix":1},"s":{"a":0,"k":[100,100],"ix":3},"r":{"a":0,"k":0,"ix":6},"o":{"a":0,"k":100,"ix":7},"sk":{"a":0,"k":0,"ix":4},"sa":{"a":0,"k":0,"ix":5},"nm":"Transform"}],"nm":"Group 1","np":2,"cix":2,"ix":1,"mn":"ADBE Vector Group"}],"ip":0,"op":121,"st":0,"bm":0,"sr":1},{"ddd":0,"ind":2,"ty":4,"nm":"Eyes Outlines","ks":{"o":{"a":0,"k":100},"r":{"a":0,"k":0},"p":{"a":0,"k":[83.343,73.773,0]},"a":{"a":0,"k":[15.239,4.626,0]},"s":{"a":1,"k":[{"i":{"x":[0.2,0.2,0.2],"y":[1,1,1]},"o":{"x":[0.167,0.167,0.167],"y":[0,0,0]},"n":["0p2_1_0p167_0","0p2_1_0p167_0","0p2_1_0p167_0"],"t":0,"s":[100,100,100],"e":[100,100,100]},{"i":{"x":[0.2,0.2,0.2],"y":[1,1,1]},"o":{"x":[0.167,0.167,0.167],"y":[0,0,0]},"n":["0p2_1_0p167_0","0p2_1_0p167_0","0p2_1_0p167_0"],"t":30,"s":[100,100,100],"e":[100,0,100]},{"i":{"x":[0.2,0.2,0.2],"y":[1,1,1]},"o":{"x":[0.167,0.167,0.167],"y":[0,0,0]},"n":["0p2_1_0p167_0","0p2_1_0p167_0","0p2_1_0p167_0"],"t":40,"s":[100,0,100],"e":[100,100,100]},{"i":{"x":[0.833,0.833,0.833],"y":[1,1,1]},"o":{"x":[0.167,0.167,0.167],"y":[0,0,0]},"n":["0p833_1_0p167_0","0p833_1_0p167_0","0p833_1_0p167_0"],"t":50,"s":[100,100,100],"e":[100,100,100]},{"t":120}]}},"ao":0,"shapes":[{"ty":"gr","it":[{"ind":0,"ty":"sh","ix":1,"ks":{"a":0,"k":{"i":[[0,-1.588],[1.588,0],[0,1.588],[-1.589,0]],"o":[[0,1.588],[-1.589,0],[0,-1.588],[1.588,0]],"v":[[2.876,0],[0,2.876],[-2.876,0],[0,-2.876]],"c":true}},"nm":"Path 1","mn":"ADBE Vector Shape - Group"},{"ty":"fl","c":{"a":0,"k":[0.055,0.659,0.427,1]},"o":{"a":0,"k":100},"r":1,"nm":"Fill 1","mn":"ADBE Vector Graphic - Fill"},{"ty":"tr","p":{"a":0,"k":[27.351,3.126],"ix":2},"a":{"a":0,"k":[0,0],"ix":1},"s":{"a":0,"k":[100,100],"ix":3},"r":{"a":0,"k":0,"ix":6},"o":{"a":0,"k":100,"ix":7},"sk":{"a":0,"k":0,"ix":4},"sa":{"a":0,"k":0,"ix":5},"nm":"Transform"}],"nm":"Group 1","np":2,"cix":2,"ix":1,"mn":"ADBE Vector Group"},{"ty":"gr","it":[{"ind":0,"ty":"sh","ix":1,"ks":{"a":0,"k":{"i":[[0,-1.588],[1.588,0],[0,1.588],[-1.588,0]],"o":[[0,1.588],[-1.588,0],[0,-1.588],[1.588,0]],"v":[[2.876,0],[0,2.876],[-2.876,0],[0,-2.876]],"c":true}},"nm":"Path 1","mn":"ADBE Vector Shape - Group"},{"ty":"fl","c":{"a":0,"k":[0.055,0.659,0.427,1]},"o":{"a":0,"k":100},"r":1,"nm":"Fill 1","mn":"ADBE Vector Graphic - Fill"},{"ty":"tr","p":{"a":0,"k":[3.126,3.126],"ix":2},"a":{"a":0,"k":[0,0],"ix":1},"s":{"a":0,"k":[100,100],"ix":3},"r":{"a":0,"k":0,"ix":6},"o":{"a":0,"k":100,"ix":7},"sk":{"a":0,"k":0,"ix":4},"sa":{"a":0,"k":0,"ix":5},"nm":"Transform"}],"nm":"Group 2","np":2,"cix":2,"ix":2,"mn":"ADBE Vector Group"}],"ip":0,"op":121,"st":0,"bm":0,"sr":1},{"ddd":0,"ind":3,"ty":4,"nm":"body Outlines","ks":{"o":{"a":0,"k":100},"r":{"a":0,"k":0},"p":{"a":0,"k":[80.424,80,0]},"a":{"a":0,"k":[36.018,47.583,0]},"s":{"a":0,"k":[100,100,100]}},"ao":0,"shapes":[{"ty":"gr","it":[{"ind":0,"ty":"sh","ix":1,"ks":{"a":0,"k":{"i":[[0,0],[3.558,3.559]],"o":[[-3.559,3.559],[0,0]],"v":[[6.443,-1.78],[-6.443,-1.78]],"c":false}},"nm":"Path 1","mn":"ADBE Vector Shape - Group"},{"ty":"st","c":{"a":0,"k":[0.388,0.788,0.549,1]},"o":{"a":0,"k":100},"w":{"a":0,"k":3},"lc":2,"lj":1,"ml":10,"nm":"Stroke 1","mn":"ADBE Vector Graphic - Stroke"},{"ty":"tr","p":{"a":0,"k":[38.937,53.747],"ix":2},"a":{"a":0,"k":[0,0],"ix":1},"s":{"a":0,"k":[100,100],"ix":3},"r":{"a":0,"k":0,"ix":6},"o":{"a":0,"k":100,"ix":7},"sk":{"a":0,"k":0,"ix":4},"sa":{"a":0,"k":0,"ix":5},"nm":"Transform"}],"nm":"Group 1","np":2,"cix":2,"ix":1,"mn":"ADBE Vector Group"},{"ty":"gr","it":[{"ind":0,"ty":"sh","ix":1,"ks":{"a":0,"k":{"i":[[0,-6.97],[6.971,0],[0,6.971],[-6.969,0]],"o":[[0,6.971],[-6.969,0],[0,-6.97],[6.971,0]],"v":[[12.62,-0.001],[-0.001,12.62],[-12.62,-0.001],[-0.001,-12.62]],"c":true}},"nm":"Path 1","mn":"ADBE Vector Shape - Group"},{"ty":"fl","c":{"a":0,"k":[0.055,0.659,0.427,1]},"o":{"a":0,"k":100},"r":1,"nm":"Fill 1","mn":"ADBE Vector Graphic - Fill"},{"ty":"tr","p":{"a":0,"k":[22.414,79.236],"ix":2},"a":{"a":0,"k":[0,0],"ix":1},"s":{"a":0,"k":[100,100],"ix":3},"r":{"a":0,"k":0,"ix":6},"o":{"a":0,"k":100,"ix":7},"sk":{"a":0,"k":0,"ix":4},"sa":{"a":0,"k":0,"ix":5},"nm":"Transform"}],"nm":"Group 2","np":2,"cix":2,"ix":2,"mn":"ADBE Vector Group"},{"ty":"gr","it":[{"ind":0,"ty":"sh","ix":1,"ks":{"a":0,"k":{"i":[[10.698,2.493],[0,0],[-0.256,-2.63],[0.27,0.252],[0,0],[-5.296,5.669],[0,0],[-0.263,3.018],[-6.683,-1.558],[0,0],[-4.535,1.792]],"o":[[0,0],[-0.633,2.716],[-0.245,-0.268],[0,0],[5.67,5.297],[0,0],[2.228,-2.385],[3.36,5.401],[0,0],[5.108,1.191],[10.217,-4.035]],"v":[[20.848,-9.152],[-11.846,-16.772],[-12.376,-8.712],[-13.137,-9.499],[-32.731,11.475],[-12.876,10.8],[-12.461,10.356],[-8.745,1.996],[6.717,13.074],[7.763,13.317],[22.514,12.238]],"c":true}},"nm":"Path 1","mn":"ADBE Vector Shape - Group"},{"ty":"fl","c":{"a":0,"k":[0.055,0.659,0.427,1]},"o":{"a":0,"k":100},"r":1,"nm":"Fill 1","mn":"ADBE Vector Graphic - Fill"},{"ty":"tr","p":{"a":0,"k":[39.054,20.159],"ix":2},"a":{"a":0,"k":[0,0],"ix":1},"s":{"a":0,"k":[100,100],"ix":3},"r":{"a":0,"k":0,"ix":6},"o":{"a":0,"k":100,"ix":7},"sk":{"a":0,"k":0,"ix":4},"sa":{"a":0,"k":0,"ix":5},"nm":"Transform"}],"nm":"Group 3","np":2,"cix":2,"ix":3,"mn":"ADBE Vector Group"},{"ty":"gr","it":[{"ind":0,"ty":"sh","ix":1,"ks":{"a":0,"k":{"i":[[3.555,-0.041],[12.415,0],[2.646,-11.615],[0.052,-3.556],[-3.563,-0.052],[0,0],[-11.937,0],[-3.11,10.94],[0,0],[0.051,3.564]],"o":[[-2.646,-11.615],[-12.417,0],[-3.554,-0.041],[-0.052,3.564],[0,0],[3.111,10.94],[11.936,0],[0,0],[3.563,-0.052],[-0.052,-3.556]],"v":[[25.446,-5.82],[0.001,-26.105],[-25.446,-5.82],[-31.999,0.563],[-25.615,7.137],[-25.105,7.152],[0.001,26.105],[25.105,7.152],[25.615,7.137],[32,0.563]],"c":true}},"nm":"Path 1","mn":"ADBE Vector Shape - Group"},{"ty":"fl","c":{"a":0,"k":[0.431,0.839,0.604,1]},"o":{"a":0,"k":100},"r":1,"nm":"Fill 1","mn":"ADBE Vector Graphic - Fill"},{"ty":"tr","p":{"a":0,"k":[38.937,39.801],"ix":2},"a":{"a":0,"k":[0,0],"ix":1},"s":{"a":0,"k":[100,100],"ix":3},"r":{"a":0,"k":0,"ix":6},"o":{"a":0,"k":100,"ix":7},"sk":{"a":0,"k":0,"ix":4},"sa":{"a":0,"k":0,"ix":5},"nm":"Transform"}],"nm":"Group 4","np":2,"cix":2,"ix":4,"mn":"ADBE Vector Group"},{"ty":"gr","it":[{"ind":0,"ty":"sh","ix":1,"ks":{"a":0,"k":{"i":[[3.624,0],[0,0],[0,-3.624],[0,0],[-3.624,0],[0,3.623],[0,0]],"o":[[0,0],[-3.624,0],[0,0],[0,3.623],[3.624,0],[0,0],[0,-3.624]],"v":[[-0.001,-7.987],[-0.001,-7.987],[-6.562,-1.424],[-6.562,1.426],[-0.001,7.986],[6.562,1.426],[6.562,-1.424]],"c":true}},"nm":"Path 1","mn":"ADBE Vector Shape - Group"},{"ty":"fl","c":{"a":0,"k":[0.388,0.788,0.549,1]},"o":{"a":0,"k":100},"r":1,"nm":"Fill 1","mn":"ADBE Vector Graphic - Fill"},{"ty":"tr","p":{"a":0,"k":[39.509,65.576],"ix":2},"a":{"a":0,"k":[0,0],"ix":1},"s":{"a":0,"k":[100,100],"ix":3},"r":{"a":0,"k":0,"ix":6},"o":{"a":0,"k":100,"ix":7},"sk":{"a":0,"k":0,"ix":4},"sa":{"a":0,"k":0,"ix":5},"nm":"Transform"}],"nm":"Group 5","np":2,"cix":2,"ix":5,"mn":"ADBE Vector Group"},{"ty":"gr","it":[{"ind":0,"ty":"sh","ix":1,"ks":{"a":0,"k":{"i":[[0,0],[0,0],[0,0],[-14.109,0],[0,0],[0,-14.11]],"o":[[0,0],[0,0],[0,-14.11],[0,0],[14.111,0],[0,0]],"v":[[29.347,14.506],[-29.347,14.506],[-29.347,11.044],[-3.799,-14.505],[3.798,-14.505],[29.347,11.044]],"c":true}},"nm":"Path 1","mn":"ADBE Vector Shape - Group"},{"ty":"fl","c":{"a":0,"k":[0.106,0.725,0.471,1]},"o":{"a":0,"k":100},"r":1,"nm":"Fill 1","mn":"ADBE Vector Graphic - Fill"},{"ty":"tr","p":{"a":0,"k":[39.268,80.411],"ix":2},"a":{"a":0,"k":[0,0],"ix":1},"s":{"a":0,"k":[100,100],"ix":3},"r":{"a":0,"k":0,"ix":6},"o":{"a":0,"k":100,"ix":7},"sk":{"a":0,"k":0,"ix":4},"sa":{"a":0,"k":0,"ix":5},"nm":"Transform"}],"nm":"Group 6","np":2,"cix":2,"ix":6,"mn":"ADBE Vector Group"},{"ty":"gr","it":[{"ind":0,"ty":"sh","ix":1,"ks":{"a":0,"k":{"i":[[0,14.187],[18.628,0],[0,-18.628],[-5.017,-5.887],[0,-2.963],[-11.075,0],[-0.598,10.539]],"o":[[0,-18.628],[-18.627,0],[0,8.342],[-1.153,2.532],[0,11.075],[10.687,0],[12.405,-4.983]],"v":[[33.729,-8.24],[0,-41.969],[-33.729,-8.24],[-25.676,13.619],[-27.488,21.916],[-7.434,41.969],[12.561,23.062]],"c":true}},"nm":"Path 1","mn":"ADBE Vector Shape - Group"},{"ty":"fl","c":{"a":0,"k":[0.055,0.659,0.427,1]},"o":{"a":0,"k":100},"r":1,"nm":"Fill 1","mn":"ADBE Vector Graphic - Fill"},{"ty":"tr","p":{"a":0,"k":[33.979,42.219],"ix":2},"a":{"a":0,"k":[0,0],"ix":1},"s":{"a":0,"k":[100,100],"ix":3},"r":{"a":0,"k":0,"ix":6},"o":{"a":0,"k":100,"ix":7},"sk":{"a":0,"k":0,"ix":4},"sa":{"a":0,"k":0,"ix":5},"nm":"Transform"}],"nm":"Group 7","np":2,"cix":2,"ix":7,"mn":"ADBE Vector Group"}],"ip":0,"op":121,"st":0,"bm":0,"sr":1},{"ddd":0,"ind":4,"ty":4,"nm":"crcl Outlines","ks":{"o":{"a":0,"k":100},"r":{"a":0,"k":0},"p":{"a":0,"k":[80,80,0]},"a":{"a":0,"k":[78.25,78.25,0]},"s":{"a":0,"k":[100,100,100]}},"ao":0,"shapes":[{"ty":"gr","it":[{"ind":0,"ty":"sh","ix":1,"ks":{"a":0,"k":{"i":[[0,-43.078],[43.078,0],[0,43.078],[-43.078,0]],"o":[[0,43.078],[-43.078,0],[0,-43.078],[43.078,0]],"v":[[78,0],[0,78],[-78,0],[0,-78]],"c":true}},"nm":"Path 1","mn":"ADBE Vector Shape - Group"},{"ty":"fl","c":{"a":0,"k":[0.725,0.957,0.737,1]},"o":{"a":0,"k":100},"r":1,"nm":"Fill 1","mn":"ADBE Vector Graphic - Fill"},{"ty":"tr","p":{"a":0,"k":[78.25,78.25],"ix":2},"a":{"a":0,"k":[0,0],"ix":1},"s":{"a":0,"k":[100,100],"ix":3},"r":{"a":0,"k":0,"ix":6},"o":{"a":0,"k":100,"ix":7},"sk":{"a":0,"k":0,"ix":4},"sa":{"a":0,"k":0,"ix":5},"nm":"Transform"}],"nm":"Group 1","np":2,"cix":2,"ix":1,"mn":"ADBE Vector Group"}],"ip":0,"op":121,"st":0,"bm":0,"sr":1}]}