{"v":"5.6.6","ip":0,"op":80,"fr":60,"w":57,"h":57,"layers":[{"ind":741,"nm":"surface2193","ao":0,"ip":0,"op":80,"st":0,"ty":4,"ks":{"o":{"a":0,"k":100,"ix":11},"r":{"a":1,"k":[{"i":{"x":[0.83],"y":[1]},"o":{"x":[0.17],"y":[0]},"t":0,"s":[0]},{"i":{"x":[0.53],"y":[1]},"o":{"x":[0.6],"y":[0]},"t":11,"s":[-10]},{"i":{"x":[0.83],"y":[1]},"o":{"x":[0.17],"y":[0]},"t":65,"s":[365]},{"i":{"x":[0.83],"y":[1]},"o":{"x":[0.17],"y":[0]},"t":77,"s":[358]},{"t":85,"s":[360]}],"ix":10},"p":{"a":0,"k":[28.5,28.5],"ix":2},"a":{"a":0,"k":[21.09,21.09],"ix":1},"s":{"a":0,"k":[133.33,133.33],"ix":6}},"shapes":[{"ty":"gr","hd":false,"nm":"surface2193","it":[{"ty":"gr","hd":false,"it":[{"ty":"sh","ks":{"k":{"i":[[0,0],[-0.13,0.84],[0,0],[0,4.13],[0,0],[4.77,0],[1.75,-1.43],[0,-0.62],[-1.26,0],[-0.4,0.29],[-1.43,0],[0,-1.46],[0,0],[2.88,-0.36],[-0.17,-1.07],[0,0],[-0.96,0]],"o":[[0.96,0],[0,0],[3.61,-0.71],[0,0],[0,-4.32],[-2.91,0],[-0.59,0.49],[0,1.23],[0.56,0],[1.19,-0.88],[1.92,0],[0,0],[0,1.59],[-1.06,0.13],[0,0],[0.13,0.88],[0,0]],"v":[[20.84,25.26],[22.63,23.67],[22.73,23.08],[29.25,16.55],[29.25,16.48],[21.24,9.75],[14.36,12.09],[13.5,13.85],[15.82,16.12],[17.3,15.6],[21.14,14.3],[24.19,16.61],[24.19,16.68],[19.98,19.5],[18.46,21.46],[18.79,23.67],[20.58,25.26]],"c":true}}},{"ty":"sh","ks":{"k":{"i":[[0,0],[0,0],[-1.66,0],[0,1.56],[0,0],[1.65,0],[0,-1.56]],"o":[[0,0],[0,1.56],[1.65,0],[0,0],[0,-1.56],[-1.66,0],[0,0]],"v":[[17.7,30.17],[17.7,30.23],[20.58,33],[23.46,30.23],[23.46,30.17],[20.58,27.41],[17.7,30.17]],"c":true}}},{"ty":"fl","o":{"k":100},"c":{"k":[1,1,1,1]}},{"ty":"tr","o":{"k":100},"r":{"k":0},"p":{"k":[0,0]},"a":{"k":[0,0]},"s":{"k":[100,100]},"sk":{"k":0},"sa":{"k":0},"hd":false}]},{"ty":"gr","hd":false,"it":[{"ty":"sh","ks":{"k":{"i":[[0,0],[11.6,0],[0,11.6],[-11.6,0],[0,-11.6]],"o":[[0,11.6],[-11.6,0],[0,-11.6],[11.6,0],[0,0]],"v":[[42.18,21.18],[21.18,42.18],[0.18,21.18],[21.18,0.18],[42.18,21.18]],"c":false}}},{"ty":"fl","o":{"k":100},"c":{"k":[0.99,0.72,0.07,1]}},{"ty":"tr","o":{"k":100},"r":{"k":0},"p":{"k":[0,0]},"a":{"k":[0,0]},"s":{"k":[100,100]},"sk":{"k":0},"sa":{"k":0},"hd":false}]},{"ty":"tr","o":{"k":100},"r":{"k":0},"p":{"k":[0,0]},"a":{"k":[0,0]},"s":{"k":[100,100]},"sk":{"k":0},"sa":{"k":0},"hd":false}]}]}],"meta":{"g":"LF SVG to Lottie"}}